Miguel Hidalgo,mig_hidalgo_a@hotmail.com
Adam Hirschkatz,ahirschk@alumni.iu.edu
Golf Hirunrak,sompolshi66@hotmail.com
Kenneth Hoganson,kenhoganson@gmail.com
Steve Holtsclaw,steve.holtsclaw@gmail.com
Chayanon Horpattaporn,punpun35@hotmail.com
Tsubasa Hotta,tsubasa.hotta@gmail.com
Tina Huang,tining9970@gmail.com
Yilei Huang,yhuang2015@kellogg.northwestern.edu
Shelley Hughes,shelley.hughes@gmail.com
Clare Hunter,clare.e.hunter@gmail.com
Bilal Hussain,bilal.hussain@gmail.com
Phuong Huynh,phuonggyrl@yahoo.com
Paloma Ishii,paloma.ayumi@gmail.com
Mudit Jain,mudit.jain@gmail.com
Diya Jakkidi,diya.jakkidi@gmail.com
Pablo Jaramillo,pablo_felipe@hotmail.com
Angela Jekal,happibabia@gmail.com
Tao Jin,tjin84@gmail.com
Alex Johnson,alex.harris.johnson@gmail.com
Kelly Jones,kjones2016@kellogg.northwestern.edu
Mike Jung,michael.jung1@gmail.com
Emily Kaehler,emily.kaehler@gmail.com
Yajur Kapoor,yajurkapoor@gmail.com
Milind Khandare,nk.milind@gmail.com
Neil Khare,nkhare@gmail.com
Eugene Kim,ekim.hba2007@ivey.ca
Eyal Klein,eyal_klein@hotmail.com
Yoshiyuki Koizumi,yoshinoki.yk@hotmail.co.jp
Alexandra Korijn,alexandrakorijn@gmail.com
Namrata Kothari,nkothari2015@kellogg.northwestern.edu
Yuriy Kuklyev,ykuklyev@gmail.com
Pratyush Kumar,praty2005@gmail.com
Laura Lacayo,llacayo1@gmail.com
Kenny Leavitt,kenny.leavitt@gmail.com
Mingdi Lee,mlee2015@kellogg.northwestern.edu
Shane Lee,shane.s.lee@gmail.com
June Lee,hlee2016@kellogg.northwestern.edu
Leon Lee,leon.lee3@gmail.com
Elena Lefevre,elenalefevre@gmail.com
Lioudmila Legkodimova,llegkodi@gmail.com
Andy Lei,alei2016@kellogg.northwestern.edu
Andry Lesmana,alesmana2016@kellogg.northwestern.edu
Spencer Liu,sssliu@gmail.com
Jidan Liu,mimi@billsq.me
Luke Liu,lukeliu09@gmail.com
Amy Lo,clamylo@gmail.com
Tiffany Lung,lungtiff@gmail.com
Chelsea Luse,chelsea.luse@gmail.com
Ashley Luse,ashley.luse@gmail.com
Umberto Maccari,umaccari2016@kellogg.northwestern.edu
Justin Marku,jmarku2015@kellogg.northwestern.edu
Camilo Martinez,cmartinez2015@kellogg.northwestern.edu
Andrew Maslan,andrewmaslan@me.com
Priya Mathew,pri1229@gmail.com
Masashi Matsumoto,mmatsumoto2015@gmail.com
Callie Mattson,calliesmattson@gmail.com
Matan Meital,mmeital2015@kellogg.northwestern.edu
Elaine Keyu Min,minkeyu@gmail.com
Madhavi Misra,misra.madhavi@gmail.com
Angel Montalvo,jamontalvo2000@hotmail.com
Oscar Montemayor,o_fogerty@hotmail.com
Shaina Morrison,smorri7@pride.hofstra.edu
Haseeb Musa,haseebm16@gmail.com
Stefano Muttini,smuttini2016@kellogg.northwestern.edu
Neeta Nadkarny,neeta.nadkarny@gmail.com
Arpun Nagaraja,arnagaraja@gmail.com
Johann Narvekar,johannnarvekar@gmail.com
Nacho Naveiras,naklers@yahoo.com
Francisco Ochagavia,fochagavia2015@kellogg.northwestern.edu
Santiago Otaola,sotaolaarca2015@kellogg.northwestern.edu
Amit Ozer,amitozer@gmail.com
Xiaoming Pan,panbyz200@126.com
Nirav Patel,nirav@niravcpatel.com
Christine Paul,cpaul2015@kellogg.northwestern.edu
Noon Poomgate,natrucha_p@hotmail.com
Mitch Port,mitchport@gmail.com
Manoje Prutthisathaporn,mprutthisathaporn2015@kellogg.northwestern.edu
Felix Przioda,fprzioda2015@kellogg.northwestern.edu
Ou Pumarin,layden02@hotmail.com
Khorshid Rahmaninejad,gizelle.krn@gmail.com
Antonino Raspagliesi,araspagliesi2015@kellogg.northwestern.edu
Philip Read,pread2015@kellogg.northwestern.edu
Benne Rosner,bnrosner@gmail.com
Greg Rossi,gregjrossi@gmail.com
Yuan Ruan,elyse.ruan@gmail.com
Andrew Ruffin,ruffino@gmail.com
Arjun Sareen,arjunsareen88@gmail.com
Rafaella Sasson,rsassonwunsch2016@kellogg.northwestern.edu
Bora Can Sekerel,cansekerel@gmail.com
Mukul Sharma,mukulshm@gmail.com
Deepa Shet,dsheth2015@kellogg.northwestern.edu
Preeza Shrestha,shresthp@gmail.com
Aman Singh,amansingh487@gmail.com
Nikhail Singh,nvhsingh@gmail.com
Ron Sinha,ronen.sinha@gmail.com
Aly Sivanich,alyssa.sivanich@gmail.com
Marek Skomorowski,marek_sko@o2.pl
Lexie Smith,alexandria.h.smith@gmail.com
Melanie Stephens,melanie.ann.stephens@gmail.com
Chris Strong,czstrong@indiana.edu
Shari Summers,sharisummers@gmail.com
Carissa Sutjipto,sutjiptoc@gmail.com
Iryna Svyshcho,isvyshcho@gmail.com
Taro Takagaki,ttakagaki2016@kellogg.northwestern.edu
Michi Takeuchi,mtakeuchi2015@kellogg.northwestern.edu
Courtney Talmadge,courtney.r.talmadge@gmail.com
Angelo Terra,aterra2015@kellogg.northwestern.edu
London Thomson-Thurm,london.thurm@gmail.com
Tricia Torres,torres.tricia@gmail.com
Quynh Tran,qtran@usc.edu
Le Truong,let371@gmail.com
Jess Paksikorn Tubtimthong,ptubtimthong2015@kellogg.northwestern.edu
Elizabeth Tyler,etyler2015@kellogg.northwestern.edu
David Ufford,daufford@gmail.com
Nneka Uzoh,nneka.uzoh@gmail.com
Francesca Velasco,francesca_velasco@hotmail.com
Stephanie Wang,stephaniewang@alumni.rice.edu
Mo Wang,chrisin19@gmail.com
Jamie Ward,jpward35@gmail.com
Kyle Webb,kyle.b.webb@gmail.com
Kyle White,kyledentonwhite@gmail.com
Danielle Whipperfurth,dwipperfurth2016@kellogg.northwestern.edu
Jason Yeh,jasonjyeh@gmail.com
Katherine Young,kmyoung2@gmail.com
Anja Zhao,anjazhao@gmx.de
